Workbook

Sheet Ведомость материалов
A1: Ведомость материалов · Квартира 56 м² · без цен
A2: Количество = объём × норма × (1 + запас), к покупке — с округлением вверх до целой упаковки. Синие ячейки можно менять. Колонки цен заполняет поставщик.
A4: № | B4: Материал | C4: Ед. | D4: Объём | E4: Основание | F4: Норма на ед. | G4: Запас | H4: Нужно | I4: Фасовка | J4: Ед. фасовки | K4: К покупке | L4: Примечание | M4: Цена за ед. фасовки | N4: Сумма
B5: 1. Перегородки из ГКЛ (ПГ-1, ПГ-2) | L5: каркас ПС-75, ГКЛ 12,5 мм с двух сторон, минвата 50 мм
A6: 1 | B6: ГКЛ 12,5 мм, лист 1200×3000 | C6: м² | D6: =Объёмы!C23 -> 27.96 | E6: Перегородки ГКЛ (ПГ-1, ПГ-2) за вычетом проёмов, м² | F6: 2 | G6: 0.1 | H6: =D6*F6*(1+G6) -> 61.512 | I6: 3.6 | J6: лист | K6: =ROUNDUP(H6/I6,0) -> 18 | L6: 2 стороны перегородки | N6: =IF(M6="","",K6*M6)
A7: 2 | B7: Профиль направляющий ПН-75, 3 м | C7: м | D7: =Объёмы!C24 -> 10.6 | E7: Длина перегородок ГКЛ, м | F7: 2 | G7: 0.15 | H7: =D7*F7*(1+G7) -> 24.38 | I7: 3 | J7: шт | K7: =ROUNDUP(H7/I7,0) -> 9 | L7: пол + потолок, перемычки над проёмами | N7: =IF(M7="","",K7*M7)
A8: 3 | B8: Профиль стоечный ПС-75, 3 м | C8: шт | D8: =Объёмы!C25 -> 25 | E8: Стойки ПС-75: шаг 600 + 4 у проёмов, шт | F8: 1 | G8: 0.1 | H8: =D8*F8*(1+G8) -> 27.5 | I8: 1 | J8: шт | K8: =ROUNDUP(H8/I8,0) -> 28 | L8: шаг 600 + 2 у каждого проёма | N8: =IF(M8="","",K8*M8)
A9: 4 | B9: Брус сухой 50×50 для усиления проёмов, 3 м | C9: шт | D9: 2 | E9: по проекту | F9: 3 | G9: 0 | H9: =D9*F9*(1+G9) -> 6 | I9: 1 | J9: шт | K9: =ROUNDUP(H9/I9,0) -> 6 | L9: по 3 на проём Д-2 и П-1 | N9: =IF(M9="","",K9*M9)
A10: 5 | B10: Минвата акустическая 50 мм | C10: м² | D10: =Объёмы!C23 -> 27.96 | E10: Перегородки ГКЛ (ПГ-1, ПГ-2) за вычетом проёмов, м² | F10: 1 | G10: 0.05 | H10: =D10*F10*(1+G10) -> 29.358 | I10: 6 | J10: упак. | K10: =ROUNDUP(H10/I10,0) -> 5 | L10: упаковка ≈ 6 м² | N10: =IF(M10="","",K10*M10)
A11: 6 | B11: Лента демпферная 50 мм | C11: м | D11: =Объёмы!C24 -> 10.6 | E11: Длина перегородок ГКЛ, м | F11: 3 | G11: 0.1 | H11: =D11*F11*(1+G11) -> 34.98 | I11: 30 | J11: рулон | K11: =ROUNDUP(H11/I11,0) -> 2 | L11: под ПН и крайние ПС | N11: =IF(M11="","",K11*M11)
A12: 7 | B12: Дюбель-гвоздь 6×40 | C12: шт | D12: =Объёмы!C24 -> 10.6 | E12: Длина перегородок ГКЛ, м | F12: 6 | G12: 0.1 | H12: =D12*F12*(1+G12) -> 69.96 | I12: 100 | J12: упак. | K12: =ROUNDUP(H12/I12,0) -> 1 | L12: крепление ПН и ПС к перекрытиям и стенам | N12: =IF(M12="","",K12*M12)
A13: 8 | B13: Саморез ГКЛ 3,5×25 по металлу | C13: шт | D13: =Объёмы!C23 -> 27.96 | E13: Перегородки ГКЛ (ПГ-1, ПГ-2) за вычетом проёмов, м² | F13: 60 | G13: 0.1 | H13: =D13*F13*(1+G13) -> 1845.36 | I13: 1000 | J13: упак. | K13: =ROUNDUP(H13/I13,0) -> 2 | L13: ≈ 30 шт на м² листа | N13: =IF(M13="","",K13*M13)
A14: 9 | B14: Саморез «клоп» 3,5×9,5 (металл-металл) | C14: шт | D14: =Объёмы!C23 -> 27.96 | E14: Перегородки ГКЛ (ПГ-1, ПГ-2) за вычетом проёмов, м² | F14: 10 | G14: 0.1 | H14: =D14*F14*(1+G14) -> 307.56 | I14: 1000 | J14: упак. | K14: =ROUNDUP(H14/I14,0) -> 1 | N14: =IF(M14="","",K14*M14)
A15: 10 | B15: Серпянка 50 мм, 45 м | C15: м | D15: =Объёмы!C23 -> 27.96 | E15: Перегородки ГКЛ (ПГ-1, ПГ-2) за вычетом проёмов, м² | F15: 2.4 | G15: 0.1 | H15: =D15*F15*(1+G15) -> 73.8144 | I15: 45 | J15: рулон | K15: =ROUNDUP(H15/I15,0) -> 2 | L15: стыки листов и примыкания | N15: =IF(M15="","",K15*M15)
A16: 11 | B16: Шпаклёвка для швов ГКЛ (типа Фугенфюллер), 25 кг | C16: кг | D16: =Объёмы!C23 -> 27.96 | E16: Перегородки ГКЛ (ПГ-1, ПГ-2) за вычетом проёмов, м² | F16: 0.6 | G16: 0.1 | H16: =D16*F16*(1+G16) -> 18.4536 | I16: 25 | J16: мешок | K16: =ROUNDUP(H16/I16,0) -> 1 | N16: =IF(M16="","",K16*M16)
A17: 12 | B17: Закладные из фанеры 15 мм под ТВ, кондиционер, полки | C17: м² | D17: 1.5 | E17: по проекту | F17: 1 | G17: 0.1 | H17: =D17*F17*(1+G17) -> 1.65 | I17: 2.325625 | J17: лист | K17: =ROUNDUP(H17/I17,0) -> 1 | L17: лист 1525×1525 | N17: =IF(M17="","",K17*M17)
B18: 2. Перегородки из газоблока (ПГ-3, ПГ-4) | L18: газоблок D500 100 мм на клею
A19: 13 | B19: Газоблок D500 600×250×100 | C19: шт | D19: =Объёмы!C26 -> 11.43 | E19: Перегородки из газоблока (ПГ-3, ПГ-4), м² | F19: 6.67 | G19: 0.05 | H19: =D19*F19*(1+G19) -> 80.050005 | I19: 1 | J19: шт | K19: =ROUNDUP(H19/I19,0) -> 81 | L19: 6,67 шт на м² | N19: =IF(M19="","",K19*M19)
A20: 14 | B20: Клей для газоблока, 25 кг | C20: кг | D20: =Объёмы!C26 -> 11.43 | E20: Перегородки из газоблока (ПГ-3, ПГ-4), м² | F20: 2.5 | G20: 0.1 | H20: =D20*F20*(1+G20) -> 31.4325 | I20: 25 | J20: мешок | K20: =ROUNDUP(H20/I20,0) -> 2 | L20: ≈ 25 кг на м³ кладки | N20: =IF(M20="","",K20*M20)
A21: 15 | B21: Арматура Ø8 А500 для армирования кладки | C21: м | D21: =Объёмы!C27 -> 4.3 | E21: Длина перегородок из газоблока, м | F21: 8 | G21: 0.1 | H21: =D21*F21*(1+G21) -> 37.84 | I21: 6 | J21: прут 6 м | K21: =ROUNDUP(H21/I21,0) -> 7 | L21: каждый 3-й ряд, 2 прутка | N21: =IF(M21="","",K21*M21)
A22: 16 | B22: Пластины анкерные гибкие (связь со стенами) | C22: шт | D22: 4 | E22: по проекту | F22: 4 | G22: 0 | H22: =D22*F22*(1+G22) -> 16 | I22: 1 | J22: шт | K22: =ROUNDUP(H22/I22,0) -> 16 | L22: 4 примыкания × 4 ряда | N22: =IF(M22="","",K22*M22)
A23: 17 | B23: Уголок стальной 63×5 (перемычка над Д-3) | C23: м | D23: 2.2 | E23: по проекту | F23: 1 | G23: 0 | H23: =D23*F23*(1+G23) -> 2.2 | I23: 1 | J23: м | K23: =ROUNDUP(H23/I23,0) -> 3 | L23: 2 уголка по 1,1 м | N23: =IF(M23="","",K23*M23)
B24: 3. Стены: штукатурка и подготовка под покраску
A25: 18 | B25: Грунт глубокого проникновения, 10 л | C25: л | D25: =Объёмы!C65 -> 395.16 | E25: Грунтование: стены 2 раза, санузел, пол под стяжку и под покрытие, м² | F25: 0.15 | G25: 0.1 | H25: =D25*F25*(1+G25) -> 65.2014 | I25: 10 | J25: канистра | K25: =ROUNDUP(H25/I25,0) -> 7 | N25: =IF(M25="","",K25*M25)
A26: 19 | B26: Бетоноконтакт, 20 кг (по монолиту перед гипсовой штукатуркой) | C26: кг | D26: =Объёмы!C10 -> 79.25 | E26: Гипсовая штукатурка: наружные стены и газоблок в сухих помещениях, м² | F26: 0.3 | G26: 0.1 | H26: =D26*F26*(1+G26) -> 26.1525 | I26: 20 | J26: ведро | K26: =ROUNDUP(H26/I26,0) -> 2 | L26: если стены монолит | N26: =IF(M26="","",K26*M26)
A27: 20 | B27: Штукатурка гипсовая, 30 кг | C27: кг | D27: =Объёмы!C10 -> 79.25 | E27: Гипсовая штукатурка: наружные стены и газоблок в сухих помещениях, м² | F27: 12.75 | G27: 0.1 | H27: =D27*F27*(1+G27) -> 1111.4813 | I27: 30 | J27: мешок | K27: =ROUNDUP(H27/I27,0) -> 38 | L27: средний слой 15 мм, 8,5 кг/м² на 10 мм | N27: =IF(M27="","",K27*M27)
A28: 21 | B28: Штукатурка цементная для санузла, 25 кг | C28: кг | D28: =Объёмы!C11 -> 23.9 | E28: Цементная штукатурка в санузле, м² | F28: 17 | G28: 0.1 | H28: =D28*F28*(1+G28) -> 446.93 | I28: 25 | J28: мешок | K28: =ROUNDUP(H28/I28,0) -> 18 | L28: слой 10 мм под плитку | N28: =IF(M28="","",K28*M28)
A29: 22 | B29: Маяк штукатурный 6 мм, 3 м | C29: шт | D29: =Объёмы!C12 -> 38.2 | E29: Длина оштукатуриваемых стен для маяков, м | F29: 0.85 | G29: 0.1 | H29: =D29*F29*(1+G29) -> 35.717 | I29: 1 | J29: шт | K29: =ROUNDUP(H29/I29,0) -> 36 | L29: шаг 1,2 м | N29: =IF(M29="","",K29*M29)
A30: 23 | B30: Уголок перфорированный ПВХ с сеткой, 3 м | C30: м | D30: =Объёмы!C66 -> 29.8 | E30: Откосы дверей и окон, внешние углы под уголок, м | F30: 1 | G30: 0.1 | H30: =D30*F30*(1+G30) -> 32.78 | I30: 3 | J30: шт | K30: =ROUNDUP(H30/I30,0) -> 11 | L30: откосы и внешние углы | N30: =IF(M30="","",K30*M30)
A31: 24 | B31: Сетка стеклотканевая 5×5 на стыки разных материалов | C31: м² | D31: 10 | E31: по проекту | F31: 1 | G31: 0 | H31: =D31*F31*(1+G31) -> 10 | I31: 50 | J31: рулон | K31: =ROUNDUP(H31/I31,0) -> 1 | L31: стыки газоблока, ГКЛ и бетона | N31: =IF(M31="","",K31*M31)
A32: 25 | B32: Шпаклёвка финишная полимерная, 20 кг | C32: кг | D32: =Объёмы!C5 -> 131.12 | E32: Стены под покраску (комнаты и прихожая минус проёмы и фартук), м² | F32: 1.2 | G32: 0.1 | H32: =D32*F32*(1+G32) -> 173.0784 | I32: 20 | J32: мешок | K32: =ROUNDUP(H32/I32,0) -> 9 | L32: 2 тонких слоя | N32: =IF(M32="","",K32*M32)
A33: 26 | B33: Стеклохолст малярный (паутинка) 40 г/м² | C33: м² | D33: =Объёмы!C5 -> 131.12 | E33: Стены под покраску (комнаты и прихожая минус проёмы и фартук), м² | F33: 1.1 | G33: 0.05 | H33: =D33*F33*(1+G33) -> 151.4436 | I33: 50 | J33: рулон | K33: =ROUNDUP(H33/I33,0) -> 4 | L33: против трещин под покраской, рекомендуем | N33: =IF(M33="","",K33*M33)
A34: 27 | B34: Клей для стеклохолста готовый, 10 кг | C34: кг | D34: =Объёмы!C5 -> 131.12 | E34: Стены под покраску (комнаты и прихожая минус проёмы и фартук), м² | F34: 0.25 | G34: 0.1 | H34: =D34*F34*(1+G34) -> 36.058 | I34: 10 | J34: ведро | K34: =ROUNDUP(H34/I34,0) -> 4 | N34: =IF(M34="","",K34*M34)
A35: 28 | B35: Краска интерьерная матовая моющаяся, 9 л | C35: л | D35: =Объёмы!C5 -> 131.12 | E35: Стены под покраску (комнаты и прихожая минус проёмы и фартук), м² | F35: 0.24 | G35: 0.1 | H35: =D35*F35*(1+G35) -> 34.61568 | I35: 9 | J35: ведро | K35: =ROUNDUP(H35/I35,0) -> 4 | L35: 2 слоя по 0,12 л/м², колеровка грейж | N35: =IF(M35="","",K35*M35)
A36: 29 | B36: Герметик акриловый под покраску | C36: шт | D36: 6 | E36: по проекту | F36: 1 | G36: 0 | H36: =D36*F36*(1+G36) -> 6 | I36: 1 | J36: туба | K36: =ROUNDUP(H36/I36,0) -> 6 | L36: примыкания ГКЛ к стенам, откосы | N36: =IF(M36="","",K36*M36)
B37: 4. Полы: стяжка и покрытия
A38: 30 | B38: Подложка звукоизоляционная под стяжку 5 мм | C38: м² | D38: =Объёмы!C17 -> 54.51 | E38: Площадь пола всего, м² | F38: 1 | G38: 0.1 | H38: =D38*F38*(1+G38) -> 59.961 | I38: 10 | J38: рулон | K38: =ROUNDUP(H38/I38,0) -> 6 | N38: =IF(M38="","",K38*M38)
A39: 31 | B39: Плёнка полиэтиленовая 200 мкм | C39: м² | D39: =Объёмы!C17 -> 54.51 | E39: Площадь пола всего, м² | F39: 1.15 | G39: 0.05 | H39: =D39*F39*(1+G39) -> 65.820825 | I39: 100 | J39: рулон | K39: =ROUNDUP(H39/I39,0) -> 1 | L39: нахлёст на стены 100 мм | N39: =IF(M39="","",K39*M39)
A40: 32 | B40: Лента демпферная для стяжки 10×100 мм | C40: м | D40: =Объёмы!C19 -> 59.2 | E40: Периметр всех помещений, м | F40: 1 | G40: 0.05 | H40: =D40*F40*(1+G40) -> 62.16 | I40: 25 | J40: рулон | K40: =ROUNDUP(H40/I40,0) -> 3 | N40: =IF(M40="","",K40*M40)
A41: 33 | B41: Смесь ЦПС М150 (пескобетон), 40 кг | C41: кг | D41: =Объёмы!C18 -> 3153.86 | E41: Стяжка: площадь × толщина (60 / 54 / 48 мм), м²·мм | F41: 2 | G41: 0.05 | H41: =D41*F41*(1+G41) -> 6623.106 | I41: 40 | J41: мешок | K41: =ROUNDUP(H41/I41,0) -> 166 | L41: 20 кг на м² при слое 10 мм; слой 48–60 мм | N41: =IF(M41="","",K41*M41)
A42: 34 | B42: Сетка кладочная 50×50×4, карта 0,5×2 м | C42: м² | D42: =Объёмы!C64 -> 49.88 | E42: Стяжка с армированием (комнаты и прихожая), м² | F42: 1 | G42: 0.1 | H42: =D42*F42*(1+G42) -> 54.868 | I42: 1 | J42: карта | K42: =ROUNDUP(H42/I42,0) -> 55 | N42: =IF(M42="","",K42*M42)
A43: 35 | B43: Маяк для стяжки 10 мм, 3 м | C43: шт | D43: =Объёмы!C17 -> 54.51 | E43: Площадь пола всего, м² | F43: 0.3 | G43: 0.1 | H43: =D43*F43*(1+G43) -> 17.9883 | I43: 1 | J43: шт | K43: =ROUNDUP(H43/I43,0) -> 18 | N43: =IF(M43="","",K43*M43)
A44: 36 | B44: Ламинат 33 класс, дуб натуральный | C44: м² | D44: =Объёмы!C13 -> 39.67 | E44: Ламинат: спальня и кухня-гостиная, м² | F44: 1 | G44: 0.1 | H44: =D44*F44*(1+G44) -> 43.637 | I44: 2 | J44: упак. | K44: =ROUNDUP(H44/I44,0) -> 22 | L44: упаковка ≈ 2 м², уточнить по модели | N44: =IF(M44="","",K44*M44)
A45: 37 | B45: Подложка под ламинат 3 мм | C45: м² | D45: =Объёмы!C13 -> 39.67 | E45: Ламинат: спальня и кухня-гостиная, м² | F45: 1 | G45: 0.1 | H45: =D45*F45*(1+G45) -> 43.637 | I45: 10 | J45: рулон | K45: =ROUNDUP(H45/I45,0) -> 5 | N45: =IF(M45="","",K45*M45)
A46: 38 | B46: Плёнка пароизоляционная под ламинат | C46: м² | D46: =Объёмы!C13 -> 39.67 | E46: Ламинат: спальня и кухня-гостиная, м² | F46: 1.15 | G46: 0.05 | H46: =D46*F46*(1+G46) -> 47.901525 | I46: 30 | J46: рулон | K46: =ROUNDUP(H46/I46,0) -> 2 | L46: на свежую стяжку | N46: =IF(M46="","",K46*M46)
A47: 39 | B47: Пробковый компенсатор на стыки покрытий | C47: м | D47: 2.4 | E47: по проекту | F47: 1 | G47: 0.1 | H47: =D47*F47*(1+G47) -> 2.64 | I47: 0.9 | J47: шт | K47: =ROUNDUP(H47/I47,0) -> 3 | L47: проёмы Д-2, П-1, Д-3, без порогов | N47: =IF(M47="","",K47*M47)
B48: 5. Плитка и гидроизоляция
A49: 40 | B49: Керамогранит 600×600 под бетон, прихожая | C49: м² | D49: =Объёмы!C14 -> 10.21 | E49: Керамогранит 600×600: прихожая, м² | F49: 1 | G49: 0.1 | H49: =D49*F49*(1+G49) -> 11.231 | I49: 1.44 | J49: коробка | K49: =ROUNDUP(H49/I49,0) -> 8 | L49: коробка 1,44 м² | N49: =IF(M49="","",K49*M49)
A50: 41 | B50: Керамогранит 300×600, пол санузла | C50: м² | D50: =Объёмы!C15 -> 4.62 | E50: Керамогранит 300×600: пол санузла, м² | F50: 1 | G50: 0.15 | H50: =D50*F50*(1+G50) -> 5.313 | I50: 1.44 | J50: коробка | K50: =ROUNDUP(H50/I50,0) -> 4 | L50: запас 15%: маленькое помещение | N50: =IF(M50="","",K50*M50)
A51: 42 | B51: Керамогранит 300×600, стены санузла | C51: м² | D51: =Объёмы!C8 -> 17.56 | E51: Остальные стены санузла, м² | F51: 1 | G51: 0.12 | H51: =D51*F51*(1+G51) -> 19.6672 | I51: 1.44 | J51: коробка | K51: =ROUNDUP(H51/I51,0) -> 14 | N51: =IF(M51="","",K51*M51)
A52: 43 | B52: Плитка бежевая вертикальная, акцентная стена санузла | C52: м² | D52: =Объёмы!C7 -> 6.34 | E52: Акцентная стена санузла (вертикальная плитка), м² | F52: 1 | G52: 0.12 | H52: =D52*F52*(1+G52) -> 7.1008 | I52: 1 | J52: коробка | K52: =ROUNDUP(H52/I52,0) -> 8 | L52: формат уточнить | N52: =IF(M52="","",K52*M52)
A53: 44 | B53: Керамогранит на кухонный фартук | C53: м² | D53: =Объёмы!C9 -> 2.4 | E53: Кухонный фартук, м² | F53: 1 | G53: 0.15 | H53: =D53*F53*(1+G53) -> 2.76 | I53: 1.44 | J53: коробка | K53: =ROUNDUP(H53/I53,0) -> 2 | N53: =IF(M53="","",K53*M53)
A54: 45 | B54: Клей плиточный С2 (крупный формат), пол | C54: кг | D54: =Объёмы!C61 -> 14.83 | E54: Плитка на полу всего, м² | F54: 5 | G54: 0.1 | H54: =D54*F54*(1+G54) -> 81.565 | I54: 25 | J54: мешок | K54: =ROUNDUP(H54/I54,0) -> 4 | N54: =IF(M54="","",K54*M54)
A55: 46 | B55: Клей плиточный С1/С2, стены | C55: кг | D55: =Объёмы!C62 -> 26.3 | E55: Плитка на стенах всего (санузел + фартук), м² | F55: 4 | G55: 0.1 | H55: =D55*F55*(1+G55) -> 115.72 | I55: 25 | J55: мешок | K55: =ROUNDUP(H55/I55,0) -> 5 | N55: =IF(M55="","",K55*M55)
A56: 47 | B56: Затирка цементная, 2 кг | C56: кг | D56: =Объёмы!C63 -> 41.13 | E56: Плитка всего, м² | F56: 0.3 | G56: 0.1 | H56: =D56*F56*(1+G56) -> 13.5729 | I56: 2 | J56: упак. | K56: =ROUNDUP(H56/I56,0) -> 7 | L56: шов 2 мм; для мелкой акцентной плитки расход выше | N56: =IF(M56="","",K56*M56)
A57: 48 | B57: Затирка эпоксидная для зоны душа, 2,5 кг | C57: шт | D57: 1 | E57: по проекту | F57: 1 | G57: 0 | H57: =D57*F57*(1+G57) -> 1 | I57: 1 | J57: упак. | K57: =ROUNDUP(H57/I57,0) -> 1 | N57: =IF(M57="","",K57*M57)
A58: 49 | B58: СВП: зажимы (клипсы) 1,5 мм | C58: шт | D58: =Объёмы!C63 -> 41.13 | E58: Плитка всего, м² | F58: 15 | G58: 0.1 | H58: =D58*F58*(1+G58) -> 678.645 | I58: 100 | J58: упак. | K58: =ROUNDUP(H58/I58,0) -> 7 | L58: одноразовые | N58: =IF(M58="","",K58*M58)
A59: 50 | B59: СВП: клинья | C59: шт | D59: 200 | E59: по проекту | F59: 1 | G59: 0 | H59: =D59*F59*(1+G59) -> 200 | I59: 100 | J59: упак. | K59: =ROUNDUP(H59/I59,0) -> 2 | L59: многоразовые | N59: =IF(M59="","",K59*M59)
A60: 51 | B60: Крестики 2 мм | C60: шт | D60: 1 | E60: по проекту | F60: 1 | G60: 0 | H60: =D60*F60*(1+G60) -> 1 | I60: 1 | J60: упак. | K60: =ROUNDUP(H60/I60,0) -> 1 | N60: =IF(M60="","",K60*M60)
A61: 52 | B61: Гидроизоляция обмазочная, 15 кг | C61: кг | D61: =Объёмы!C21 -> 9.94 | E61: Гидроизоляция: пол санузла + 200 мм на стены + зона душа до 2 м, м² | F61: 2.4 | G61: 0.1 | H61: =D61*F61*(1+G61) -> 26.2416 | I61: 15 | J61: ведро | K61: =ROUNDUP(H61/I61,0) -> 2 | L61: 2 слоя | N61: =IF(M61="","",K61*M61)
A62: 53 | B62: Лента гидроизоляционная, 10 м | C62: м | D62: =Объёмы!C22 -> 13.3 | E62: Гидролента: примыкания пол-стена, углы душа, порог, м | F62: 1 | G62: 0.1 | H62: =D62*F62*(1+G62) -> 14.63 | I62: 10 | J62: рулон | K62: =ROUNDUP(H62/I62,0) -> 2 | N62: =IF(M62="","",K62*M62)
A63: 54 | B63: Манжеты гидроизоляционные для выводов труб | C63: шт | D63: 10 | E63: по проекту | F63: 1 | G63: 0 | H63: =D63*F63*(1+G63) -> 10 | I63: 1 | J63: шт | K63: =ROUNDUP(H63/I63,0) -> 10 | N63: =IF(M63="","",K63*M63)
A64: 55 | B64: Углы гидроизоляционные внутренние | C64: шт | D64: 6 | E64: по проекту | F64: 1 | G64: 0 | H64: =D64*F64*(1+G64) -> 6 | I64: 1 | J64: шт | K64: =ROUNDUP(H64/I64,0) -> 6 | N64: =IF(M64="","",K64*M64)
A65: 56 | B65: Профиль алюминиевый для торцов плитки, 2,5 м | C65: м | D65: 7 | E65: по проекту | F65: 1 | G65: 0.1 | H65: =D65*F65*(1+G65) -> 7.7 | I65: 2.5 | J65: шт | K65: =ROUNDUP(H65/I65,0) -> 4 | L65: угол короба стояка, край фартука | N65: =IF(M65="","",K65*M65)
A66: 57 | B66: Люк ревизионный под плитку 400×600 | C66: шт | D66: 1 | E66: по проекту | F66: 1 | G66: 0 | H66: =D66*F66*(1+G66) -> 1 | I66: 1 | J66: шт | K66: =ROUNDUP(H66/I66,0) -> 1 | L66: к стояку и счётчикам | N66: =IF(M66="","",K66*M66)
A67: 58 | B67: Силикон санитарный | C67: шт | D67: 3 | E67: по проекту | F67: 1 | G67: 0 | H67: =D67*F67*(1+G67) -> 3 | I67: 1 | J67: туба | K67: =ROUNDUP(H67/I67,0) -> 3 | N67: =IF(M67="","",K67*M67)
B68: 6. Потолки и карнизы | L68: обычно поставляет и монтирует подрядчик по натяжным потолкам
A69: 59 | B69: Полотно натяжное матовое белое | C69: м² | D69: =Объёмы!C20 -> 54.51 | E69: Натяжной потолок, м² | F69: 1 | G69: 0 | H69: =D69*F69*(1+G69) -> 54.51 | I69: 1 | J69: м² | K69: =ROUNDUP(H69/I69,0) -> 55 | N69: =IF(M69="","",K69*M69)
A70: 60 | B70: Профиль теневой для натяжного потолка | C70: м | D70: =Объёмы!C19 -> 59.2 | E70: Периметр всех помещений, м | F70: 1 | G70: 0.05 | H70: =D70*F70*(1+G70) -> 62.16 | I70: 2.5 | J70: шт | K70: =ROUNDUP(H70/I70,0) -> 25 | N70: =IF(M70="","",K70*M70)
A71: 61 | B71: Закладные (платформы) под светильники и вентилятор | C71: шт | D71: =Объёмы!C53 -> 18 | E71: Закладные под натяжной потолок: светильники + вентилятор, шт | F71: 1 | G71: 0 | H71: =D71*F71*(1+G71) -> 18 | I71: 1 | J71: шт | K71: =ROUNDUP(H71/I71,0) -> 18 | N71: =IF(M71="","",K71*M71)
A72: 62 | B72: Брус 50×50 для ниши под скрытый карниз | C72: м | D72: 6.9 | E72: по проекту | F72: 1 | G72: 0.1 | H72: =D72*F72*(1+G72) -> 7.59 | I72: 3 | J72: шт | K72: =ROUNDUP(H72/I72,0) -> 3 | N72: =IF(M72="","",K72*M72)
A73: 63 | B73: Карниз алюминиевый двухрядный в нишу, 3,45 м | C73: шт | D73: 2 | E73: по проекту | F73: 1 | G73: 0 | H73: =D73*F73*(1+G73) -> 2 | I73: 1 | J73: шт | K73: =ROUNDUP(H73/I73,0) -> 2 | L73: шторы и тюль | N73: =IF(M73="","",K73*M73)
B74: 7. Электрика: кабель и монтаж | L74: длина по трассам проекта; электрик уточняет на объекте
A75: 64 | B75: Кабель ВВГнг(А)-LS 3×1,5 (свет) | C75: м | D75: =Объёмы!C39 -> 87.61 | E75: Кабель 3×1,5: группы света 1–2, по трассе, м | F75: 1 | G75: 0.15 | H75: =D75*F75*(1+G75) -> 100.7515 | I75: 100 | J75: бухта | K75: =ROUNDUP(H75/I75,0) -> 2 | N75: =IF(M75="","",K75*M75)
A76: 65 | B76: Кабель ВВГнг(А)-LS 3×2,5 (розетки, кондиционеры) | C76: м | D76: =Объёмы!C40 -> 170.47 | E76: Кабель 3×2,5: розеточные группы и кондиционеры, м | F76: 1 | G76: 0.15 | H76: =D76*F76*(1+G76) -> 196.0405 | I76: 100 | J76: бухта | K76: =ROUNDUP(H76/I76,0) -> 2 | N76: =IF(M76="","",K76*M76)
A77: 66 | B77: Кабель ВВГнг(А)-LS 3×6 (варочная панель) | C77: м | D77: =Объёмы!C41 -> 11.65 | E77: Кабель 3×6: варочная панель, м | F77: 1 | G77: 0.15 | H77: =D77*F77*(1+G77) -> 13.3975 | I77: 1 | J77: м | K77: =ROUNDUP(H77/I77,0) -> 14 | N77: =IF(M77="","",K77*M77)
A78: 67 | B78: Кабель UTP cat.6 (интернет) | C78: м | D78: =Объёмы!C42 -> 22.55 | E78: UTP cat.6 от щита до каждой точки RJ45, м | F78: 1 | G78: 0.15 | H78: =D78*F78*(1+G78) -> 25.9325 | I78: 1 | J78: м | K78: =ROUNDUP(H78/I78,0) -> 26 | N78: =IF(M78="","",K78*M78)
A79: 68 | B79: Кабель телевизионный RG-6 | C79: м | D79: =Объёмы!C43 -> 22.55 | E79: ТВ-кабель до каждой ТВ-точки, м | F79: 1 | G79: 0.15 | H79: =D79*F79*(1+G79) -> 25.9325 | I79: 1 | J79: м | K79: =ROUNDUP(H79/I79,0) -> 26 | N79: =IF(M79="","",K79*M79)
A80: 69 | B80: Гофра ПВХ 20 мм с протяжкой | C80: м | D80: =Объёмы!C67 -> 303.18 | E80: Гофра 20 мм: кабели 3×1,5, 3×2,5, UTP, ТВ, м | F80: 1 | G80: 0.1 | H80: =D80*F80*(1+G80) -> 333.498 | I80: 100 | J80: бухта | K80: =ROUNDUP(H80/I80,0) -> 4 | N80: =IF(M80="","",K80*M80)
A81: 70 | B81: Гофра ПВХ 25 мм с протяжкой | C81: м | D81: =Объёмы!C41 -> 11.65 | E81: Кабель 3×6: варочная панель, м | F81: 1 | G81: 0.1 | H81: =D81*F81*(1+G81) -> 12.815 | I81: 1 | J81: м | K81: =ROUNDUP(H81/I81,0) -> 13 | N81: =IF(M81="","",K81*M81)
A82: 71 | B82: Клипса для гофры 20 мм | C82: шт | D82: =Объёмы!C67 -> 303.18 | E82: Гофра 20 мм: кабели 3×1,5, 3×2,5, UTP, ТВ, м | F82: 2.5 | G82: 0.1 | H82: =D82*F82*(1+G82) -> 833.745 | I82: 100 | J82: упак. | K82: =ROUNDUP(H82/I82,0) -> 9 | L82: шаг 400 мм | N82: =IF(M82="","",K82*M82)
A83: 72 | B83: Дюбель-гвоздь 6×40 под клипсы | C83: шт | D83: =Объёмы!C67 -> 303.18 | E83: Гофра 20 мм: кабели 3×1,5, 3×2,5, UTP, ТВ, м | F83: 2.5 | G83: 0.1 | H83: =D83*F83*(1+G83) -> 833.745 | I83: 100 | J83: упак. | K83: =ROUNDUP(H83/I83,0) -> 9 | N83: =IF(M83="","",K83*M83)
A84: 73 | B84: Подрозетник для бетона и газоблока Ø68, глубокий | C84: шт | D84: =Объёмы!C69 -> 33 | E84: Подрозетники в бетоне и газоблоке, шт | F84: 1 | G84: 0.1 | H84: =D84*F84*(1+G84) -> 36.3 | I84: 1 | J84: шт | K84: =ROUNDUP(H84/I84,0) -> 37 | N84: =IF(M84="","",K84*M84)
A85: 74 | B85: Подрозетник для ГКЛ Ø68 | C85: шт | D85: =Объёмы!C68 -> 17 | E85: Подрозетники в ГКЛ-перегородках, шт | F85: 1 | G85: 0.1 | H85: =D85*F85*(1+G85) -> 18.7 | I85: 1 | J85: шт | K85: =ROUNDUP(H85/I85,0) -> 19 | N85: =IF(M85="","",K85*M85)
A86: 75 | B86: Коробка распаечная 100×100 IP54 | C86: шт | D86: =Объёмы!C46 -> 10 | E86: Распаечные коробки: 2 на помещение + 2 резерв, шт | F86: 1 | G86: 0 | H86: =D86*F86*(1+G86) -> 10 | I86: 1 | J86: шт | K86: =ROUNDUP(H86/I86,0) -> 10 | N86: =IF(M86="","",K86*M86)
A87: 76 | B87: Клеммы WAGO 221-413 | C87: шт | D87: =Объёмы!C46 -> 10 | E87: Распаечные коробки: 2 на помещение + 2 резерв, шт | F87: 8 | G87: 0.1 | H87: =D87*F87*(1+G87) -> 88 | I87: 50 | J87: упак. | K87: =ROUNDUP(H87/I87,0) -> 2 | N87: =IF(M87="","",K87*M87)
A88: 77 | B88: Гипс строительный (алебастр) для заделки штроб, 5 кг | C88: кг | D88: =Объёмы!C45 -> 71.45 | E88: Штробы: спуски с потолка к точкам на стенах, м | F88: 1 | G88: 0.1 | H88: =D88*F88*(1+G88) -> 78.595 | I88: 5 | J88: мешок | K88: =ROUNDUP(H88/I88,0) -> 16 | N88: =IF(M88="","",K88*M88)
A89: 78 | B89: Хомуты кабельные 200 мм | C89: шт | D89: 200 | E89: по проекту | F89: 1 | G89: 0 | H89: =D89*F89*(1+G89) -> 200 | I89: 100 | J89: упак. | K89: =ROUNDUP(H89/I89,0) -> 2 | N89: =IF(M89="","",K89*M89)
A90: 79 | B90: Изолента ПВХ | C90: шт | D90: 3 | E90: по проекту | F90: 1 | G90: 0 | H90: =D90*F90*(1+G90) -> 3 | I90: 1 | J90: шт | K90: =ROUNDUP(H90/I90,0) -> 3 | N90: =IF(M90="","",K90*M90)
B91: 8. Электрика: щит | L91: номиналы проверяет электрик по выделенной мощности
A92: 80 | B92: Щит квартирный встраиваемый, 24 модуля | C92: шт | D92: 1 | E92: по проекту | F92: 1 | G92: 0 | H92: =D92*F92*(1+G92) -> 1 | I92: 1 | J92: шт | K92: =ROUNDUP(H92/I92,0) -> 1 | N92: =IF(M92="","",K92*M92)
A93: 81 | B93: Автомат вводной 2P C40 | C93: шт | D93: 1 | E93: по проекту | F93: 1 | G93: 0 | H93: =D93*F93*(1+G93) -> 1 | I93: 1 | J93: шт | K93: =ROUNDUP(H93/I93,0) -> 1 | N93: =IF(M93="","",K93*M93)
A94: 82 | B94: Реле напряжения 40 А | C94: шт | D94: 1 | E94: по проекту | F94: 1 | G94: 0 | H94: =D94*F94*(1+G94) -> 1 | I94: 1 | J94: шт | K94: =ROUNDUP(H94/I94,0) -> 1 | N94: =IF(M94="","",K94*M94)
A95: 83 | B95: Автомат C10 | C95: шт | D95: 2 | E95: по проекту | F95: 1 | G95: 0 | H95: =D95*F95*(1+G95) -> 2 | I95: 1 | J95: шт | K95: =ROUNDUP(H95/I95,0) -> 2 | N95: =IF(M95="","",K95*M95)
A96: 84 | B96: Дифавтомат C16 30 мА | C96: шт | D96: 5 | E96: по проекту | F96: 1 | G96: 0 | H96: =D96*F96*(1+G96) -> 5 | I96: 1 | J96: шт | K96: =ROUNDUP(H96/I96,0) -> 5 | N96: =IF(M96="","",K96*M96)
A97: 85 | B97: Автомат C32 | C97: шт | D97: 1 | E97: по проекту | F97: 1 | G97: 0 | H97: =D97*F97*(1+G97) -> 1 | I97: 1 | J97: шт | K97: =ROUNDUP(H97/I97,0) -> 1 | N97: =IF(M97="","",K97*M97)
A98: 86 | B98: Автомат C16 | C98: шт | D98: 2 | E98: по проекту | F98: 1 | G98: 0 | H98: =D98*F98*(1+G98) -> 2 | I98: 1 | J98: шт | K98: =ROUNDUP(H98/I98,0) -> 2 | N98: =IF(M98="","",K98*M98)
A99: 87 | B99: Дифавтомат C16 10 мА | C99: шт | D99: 1 | E99: по проекту | F99: 1 | G99: 0 | H99: =D99*F99*(1+G99) -> 1 | I99: 1 | J99: шт | K99: =ROUNDUP(H99/I99,0) -> 1 | N99: =IF(M99="","",K99*M99)
A100: 88 | B100: Шина нулевая и PE в щит | C100: шт | D100: 2 | E100: по проекту | F100: 1 | G100: 0 | H100: =D100*F100*(1+G100) -> 2 | I100: 1 | J100: шт | K100: =ROUNDUP(H100/I100,0) -> 2 | N100: =IF(M100="","",K100*M100)
A101: 89 | B101: Шина соединительная (гребёнка) 1P | C101: шт | D101: 1 | E101: по проекту | F101: 1 | G101: 0 | H101: =D101*F101*(1+G101) -> 1 | I101: 1 | J101: шт | K101: =ROUNDUP(H101/I101,0) -> 1 | N101: =IF(M101="","",K101*M101)
...

Sheet Объёмы
A1: Объёмы из проекта «Квартира 56 м²»
A2: Посчитаны по чертежам проекта. Синие числа можно менять — ведомость пересчитается.
A4: Код | B4: Что посчитано | C4: Значение
A5: S_paint | B5: Стены под покраску (комнаты и прихожая минус проёмы и фартук), м² | C5: 131.12
A6: S_tile_wall | B6: Стены санузла под плитку до потолка, м² | C6: 23.9
A7: S_tile_acc | B7: Акцентная стена санузла (вертикальная плитка), м² | C7: 6.34
A8: S_tile_main | B8: Остальные стены санузла, м² | C8: 17.56
A9: S_apron | B9: Кухонный фартук, м² | C9: 2.4
A10: S_plaster | B10: Гипсовая штукатурка: наружные стены и газоблок в сухих помещениях, м² | C10: 79.25
A11: S_plaster_c | B11: Цементная штукатурка в санузле, м² | C11: 23.9
A12: L_beacon | B12: Длина оштукатуриваемых стен для маяков, м | C12: 38.2
A13: S_lam | B13: Ламинат: спальня и кухня-гостиная, м² | C13: 39.67
A14: S_hall | B14: Керамогранит 600×600: прихожая, м² | C14: 10.21
A15: S_bathfl | B15: Керамогранит 300×600: пол санузла, м² | C15: 4.62
A16: S_heat | B16: Тёплый пол, м² | C16: 0.92
... A74: P_pipes_all | B74: Все трубы, м (для креплений) | C74: 14.04
